SampleID,FlightID,Callsign,Track Miles,3Di Score,Fuel Burn,CO2,Flight Time
7,1,MSF001,326.569043,1.31094,2.21284,7.03683,3133
7,2,ENH800,357.165975,591.36,2.36502,7.52076,3363
