SampleID,FlightID,Callsign,Track Miles,3Di Score,Fuel Burn,CO2,Flight Time
1,1,DLH1,219.539698,15.6118,0.733379,2.33214,2086
1,2,DLH2,231.857780,21.4984,0.789165,2.50954,2185
