Callsign,Track Miles,3Di Score,Fuel Burn,CO2,Flight Time
1,HANAH1,82.631332,48.0219,0.518578,1.64908,1090
2,MBR,82.631332,48.0219,1.07587,3.42127,1098
